{
    "op4": {
        "L9_P81": 0.9192708333333334,
        "L8_P81": 0.9140625,
        "L10_P81": 0.9114583333333334,
        "L11_P81": 0.8411458333333334,
        "L7_P81": 0.7942708333333334,
        "L5_P78": 0.7916666666666666,
        "L7_P77": 0.7708333333333334,
        "L3_P78": 0.7578125,
        "L6_P77": 0.7552083333333334,
        "L3_P76": 0.7526041666666666,
        "L4_P78": 0.75,
        "L6_P79": 0.75,
        "L7_P79": 0.75,
        "L6_P78": 0.7447916666666666,
        "L8_P80": 0.7369791666666666,
        "L5_P79": 0.734375,
        "L8_P76": 0.7317708333333334,
        "L8_P78": 0.7317708333333334,
        "L2_P76": 0.7291666666666666,
        "L2_P78": 0.7291666666666666,
        "L4_P80": 0.7291666666666666,
        "L7_P76": 0.7291666666666666,
        "L0_P76": 0.7265625,
        "L0_P77": 0.7265625,
        "L0_P78": 0.7265625,
        "L0_P79": 0.7265625,
        "L0_P80": 0.7265625,
        "L0_P81": 0.7265625,
        "L1_P76": 0.7265625,
        "L1_P77": 0.7265625,
        "L1_P78": 0.7265625,
        "L1_P79": 0.7265625,
        "L1_P80": 0.7265625,
        "L1_P81": 0.7265625,
        "L2_P77": 0.7265625,
        "L2_P79": 0.7265625,
        "L2_P80": 0.7265625,
        "L2_P81": 0.7265625,
        "L3_P77": 0.7265625,
        "L3_P79": 0.7265625,
        "L3_P81": 0.7265625,
        "L4_P81": 0.7265625,
        "L5_P76": 0.7265625,
        "L5_P81": 0.7265625,
        "L6_P76": 0.7265625,
        "L6_P81": 0.7265625,
        "L7_P78": 0.7265625,
        "L8_P77": 0.7265625,
        "L8_P79": 0.7265625,
        "L9_P76": 0.7265625,
        "L9_P77": 0.7265625,
        "L9_P78": 0.7265625,
        "L9_P79": 0.7265625,
        "L9_P80": 0.7265625,
        "L10_P76": 0.7265625,
        "L10_P77": 0.7265625,
        "L10_P78": 0.7265625,
        "L10_P79": 0.7265625,
        "L10_P80": 0.7265625,
        "L11_P76": 0.7265625,
        "L11_P77": 0.7265625,
        "L11_P78": 0.7265625,
        "L11_P79": 0.7265625,
        "L11_P80": 0.7265625,
        "L4_P77": 0.7239583333333334,
        "L4_P79": 0.7213541666666666,
        "L7_P80": 0.7213541666666666,
        "L5_P80": 0.71875,
        "L3_P80": 0.7161458333333334,
        "L4_P76": 0.7109375,
        "L6_P80": 0.7109375,
        "L5_P77": 0.6744791666666666
    },
    "op5": {
        "L9_P81": 0.9088541666666666,
        "L8_P81": 0.9036458333333334,
        "L10_P81": 0.8984375,
        "L11_P81": 0.8932291666666666,
        "L7_P81": 0.8697916666666666,
        "L5_P80": 0.8203125,
        "L3_P80": 0.8046875,
        "L6_P80": 0.8046875,
        "L4_P80": 0.7942708333333334,
        "L7_P78": 0.7682291666666666,
        "L6_P78": 0.7630208333333334,
        "L6_P79": 0.7578125,
        "L2_P80": 0.7526041666666666,
        "L7_P80": 0.7473958333333334,
        "L8_P78": 0.7447916666666666,
        "L1_P76": 0.7395833333333334,
        "L5_P78": 0.7395833333333334,
        "L9_P80": 0.7395833333333334,
        "L0_P76": 0.7369791666666666,
        "L0_P77": 0.7369791666666666,
        "L0_P78": 0.7369791666666666,
        "L0_P79": 0.7369791666666666,
        "L0_P80": 0.7369791666666666,
        "L0_P81": 0.7369791666666666,
        "L1_P77": 0.7369791666666666,
        "L1_P78": 0.7369791666666666,
        "L1_P79": 0.7369791666666666,
        "L1_P80": 0.7369791666666666,
        "L1_P81": 0.7369791666666666,
        "L2_P76": 0.7369791666666666,
        "L2_P77": 0.7369791666666666,
        "L2_P78": 0.7369791666666666,
        "L2_P79": 0.7369791666666666,
        "L2_P81": 0.7369791666666666,
        "L3_P77": 0.7369791666666666,
        "L3_P79": 0.7369791666666666,
        "L3_P81": 0.7369791666666666,
        "L4_P79": 0.7369791666666666,
        "L4_P81": 0.7369791666666666,
        "L5_P81": 0.7369791666666666,
        "L8_P77": 0.7369791666666666,
        "L8_P79": 0.7369791666666666,
        "L8_P80": 0.7369791666666666,
        "L9_P76": 0.7369791666666666,
        "L9_P77": 0.7369791666666666,
        "L9_P78": 0.7369791666666666,
        "L9_P79": 0.7369791666666666,
        "L10_P76": 0.7369791666666666,
        "L10_P77": 0.7369791666666666,
        "L10_P78": 0.7369791666666666,
        "L10_P79": 0.7369791666666666,
        "L10_P80": 0.7369791666666666,
        "L11_P76": 0.7369791666666666,
        "L11_P77": 0.7369791666666666,
        "L11_P78": 0.7369791666666666,
        "L11_P79": 0.7369791666666666,
        "L11_P80": 0.7369791666666666,
        "L3_P78": 0.734375,
        "L4_P78": 0.734375,
        "L5_P79": 0.734375,
        "L7_P79": 0.734375,
        "L8_P76": 0.734375,
        "L7_P76": 0.7265625,
        "L3_P76": 0.7239583333333334,
        "L5_P76": 0.7239583333333334,
        "L6_P81": 0.7239583333333334,
        "L7_P77": 0.7239583333333334,
        "L6_P76": 0.71875,
        "L6_P77": 0.71875,
        "L4_P77": 0.6953125,
        "L4_P76": 0.6927083333333334,
        "L5_P77": 0.6536458333333334
    },
    "op6": {
        "L8_P81": 1.0,
        "L9_P81": 1.0,
        "L10_P81": 1.0,
        "L11_P81": 1.0,
        "L7_P77": 0.8255208333333334,
        "L6_P77": 0.8203125,
        "L5_P76": 0.8177083333333334,
        "L5_P77": 0.7994791666666666,
        "L6_P76": 0.7291666666666666,
        "L7_P76": 0.7291666666666666,
        "L4_P77": 0.71875,
        "L4_P76": 0.7109375,
        "L3_P76": 0.6119791666666666,
        "L7_P81": 0.6015625,
        "L8_P76": 0.578125,
        "L1_P76": 0.5520833333333334,
        "L2_P76": 0.546875,
        "L5_P78": 0.5416666666666666,
        "L5_P80": 0.5390625,
        "L3_P80": 0.5338541666666666,
        "L2_P78": 0.53125,
        "L4_P80": 0.53125,
        "L0_P76": 0.5286458333333334,
        "L0_P77": 0.5286458333333334,
        "L0_P78": 0.5286458333333334,
        "L0_P79": 0.5286458333333334,
        "L0_P80": 0.5286458333333334,
        "L0_P81": 0.5286458333333334,
        "L1_P77": 0.5286458333333334,
        "L1_P79": 0.5286458333333334,
        "L1_P81": 0.5286458333333334,
        "L2_P77": 0.5286458333333334,
        "L2_P79": 0.5286458333333334,
        "L2_P81": 0.5286458333333334,
        "L3_P77": 0.5286458333333334,
        "L3_P79": 0.5286458333333334,
        "L3_P81": 0.5286458333333334,
        "L4_P81": 0.5286458333333334,
        "L8_P77": 0.5286458333333334,
        "L8_P78": 0.5286458333333334,
        "L8_P79": 0.5286458333333334,
        "L8_P80": 0.5286458333333334,
        "L9_P76": 0.5286458333333334,
        "L9_P77": 0.5286458333333334,
        "L9_P78": 0.5286458333333334,
        "L9_P79": 0.5286458333333334,
        "L9_P80": 0.5286458333333334,
        "L10_P76": 0.5286458333333334,
        "L10_P77": 0.5286458333333334,
        "L10_P78": 0.5286458333333334,
        "L10_P79": 0.5286458333333334,
        "L10_P80": 0.5286458333333334,
        "L11_P76": 0.5286458333333334,
        "L11_P77": 0.5286458333333334,
        "L11_P78": 0.5286458333333334,
        "L11_P79": 0.5286458333333334,
        "L11_P80": 0.5286458333333334,
        "L1_P78": 0.5260416666666666,
        "L1_P80": 0.5260416666666666,
        "L3_P78": 0.5260416666666666,
        "L5_P81": 0.5260416666666666,
        "L4_P78": 0.5234375,
        "L5_P79": 0.5234375,
        "L6_P80": 0.5234375,
        "L7_P78": 0.5234375,
        "L2_P80": 0.5208333333333334,
        "L4_P79": 0.5208333333333334,
        "L6_P78": 0.5104166666666666,
        "L6_P79": 0.5104166666666666,
        "L7_P79": 0.5104166666666666,
        "L6_P81": 0.5078125,
        "L7_P80": 0.5
    }
}