{"op1": {"L5_P78": 1.0, "L6_P78": 0.9192708333333334, "L6_P79": 0.9192708333333334, "L7_P79": 0.9192708333333334, "L7_P78": 0.9140625}, "op2": {"L5_P80": 0.9973958333333334, "L6_P80": 0.96875, "L3_P80": 0.9661458333333334, "L4_P80": 0.9583333333333334, "L7_P81": 0.9557291666666666}, "op3": {"L6_P77": 0.9895833333333334, "L7_P77": 0.9869791666666666, "L5_P77": 0.9427083333333334, "L11_P81": 0.9322916666666666, "L8_P81": 0.9192708333333334}, "op4": {"L7_P81": 0.921875, "L11_P81": 0.8984375, "L8_P81": 0.890625, "L10_P81": 0.8828125, "L9_P81": 0.8776041666666666}, "op5": {"L9_P81": 1.0, "L10_P81": 1.0, "L11_P81": 1.0, "L8_P81": 0.9583333333333334, "L7_P77": 0.8151041666666666}}